id,email_address,password,user_name,first_name,last_name,address,created_date
17f76207-c262-46d3-afaf-1d2ebf279347,user@none,user,user,user,user,user2312,2024-05-08 20:38:01.239200
ab01624c-7704-46de-b913-d45924ad5664,email@none,423123,user,name,last,addres1323,2024-05-08 20:39:21.575042
6fa7fb81-eb5f-4c04-861a-35d7e539504a,round3@none,round3,round3,round3,lastname,round3home,2024-05-08 20:42:46.638977
2f1ec76e-213f-4b87-a7d3-5963ce00a5b0,user4@none.com,user,user4,user,userlast,addressuser,2024-05-08 20:43:50.785172
8f1b04e6-2111-489c-9fca-d5b6dc5d4090,testing@none,1234,testing,1234name,namelast,addressuser,2024-05-08 20:47:08.981291
f7cdd6f9-c092-4dda-9cca-f947cc8bf8c8,user@email,40240240,user,namename,lastlast,addadd,2024-05-08 20:48:21.668242
5e9a5195-2ddb-4b9d-ae65-9075df412c97,user@none,okokoko,testuser,first_name,last_name,address 123,2024-05-08 20:52:09.817607
e62d53b5-ada5-4261-9de5-b6f7762d1e03,index@none,ordoesit,does it still,please,dont,index,2024-05-08 20:52:36.191647
0aeadc2f-b02f-4a34-aabb-782b52101544,100@none,email,usertest100,namefirst,lastname,sserdda,2024-05-08 20:54:44.574457
